"","year","doy","DO5","DOmed","DO95","DOrange"
"1",2015,129,100.117847130864,102.513239700485,104.304333661341,4.186486530477
"2",2015,130,101.46476738372,102.514865560887,104.515907943045,3.0511405593253
"3",2015,131,99.6024283105778,100.97917856194,102.425505796248,2.82307748566996
"4",2015,132,98.8283183597434,100.611224537454,101.878767848173,3.05044948842958
"5",2015,133,100.168221466223,103.241721650732,106.168657604033,6.00043613781048
"6",2015,134,101.417868217355,102.759430836693,103.906749140611,2.48888092325559
"7",2015,135,100.976582118211,101.947114589664,103.204805718104,2.2282235998928
"8",2015,136,101.011197128882,102.693023430407,105.934333800178,4.92313667129596
"9",2015,137,103.305213527913,105.446338526063,107.871247225384,4.56603369747106
"10",2015,138,101.162481195559,102.518690890799,106.673880258473,5.5113990629138
"11",2015,139,98.9864825375814,100.663488761724,102.979098656836,3.99261611925441
"12",2015,140,100.507679870152,102.320358585612,106.211090077509,5.70341020735671
"13",2015,141,101.976514332088,103.809475378252,107.773024918605,5.79651058651666
"14",2015,142,101.484516949753,104.227956771507,108.369204695074,6.8846877453211
"15",2015,143,103.166547705932,105.127126010482,108.905657398671,5.73910969273885
"16",2015,144,103.80845335747,105.752076341752,107.961678478595,4.15322512112525
"17",2015,145,100.327221159655,102.05227788566,104.432825916244,4.10560475658906
"18",2015,146,100.553896456683,101.513474225777,103.484960132765,2.93106367608159
"19",2015,147,99.9305011759621,101.429369487503,104.557704050172,4.62720287421003
"20",2015,148,97.9914808210883,101.880479933193,103.885622784146,5.89414196305739
"21",2015,149,99.623414988203,101.309503632401,103.769380009835,4.14596502163188
"22",2015,150,98.260827403679,99.2291464205127,100.619149525267,2.35832212158773
"23",2015,151,98.9513926031366,100.716881188242,103.926806125245,4.97541352210823
"24",2015,152,98.2417590273515,100.742611063645,102.904915945049,4.66315691769752
"25",2015,153,98.7271185753935,100.706530534419,104.571277860061,5.84415928466773
"26",2015,154,99.7980351157131,102.127889807131,105.797552053844,5.99951693813139
"27",2015,155,100.435026471712,102.13241079794,105.029613852972,4.59458738125984
"28",2015,156,101.179599628933,103.385781250225,108.667422426764,7.48782279783045
"29",2015,157,102.63944843856,105.644857984501,112.303358032782,9.6639095942222
"30",2015,158,102.38983241939,105.303946781974,109.635177551926,7.2453451325363
"31",2015,159,104.571940770065,106.650131208179,111.121331896723,6.5493911266578
"32",2015,160,104.912940046381,108.482842548664,111.860303328171,6.94736328178969
"33",2015,161,105.538148235405,110.176841041481,113.431709810257,7.89356157485116
"34",2015,162,107.259706820805,109.141913173099,112.434812701692,5.17510588088652
"35",2015,163,105.806314860792,109.712324564206,114.141117356122,8.33480249533029
"36",2015,164,107.720001061094,108.999710371213,110.448369957034,2.72836889593975
"37",2015,165,105.281601458447,108.625188354512,114.70757625204,9.42597479359341
"38",2015,166,106.145138822978,110.642978212504,114.857452748611,8.71231392563364
"39",2015,167,107.127460472147,111.773940512262,117.828036309952,10.7005758378042
"40",2015,168,110.000764278718,112.557690390297,115.380621360101,5.37985708138254
"41",2015,169,109.967165200458,114.612406976603,119.93656469068,9.9693994902221
"42",2015,170,111.998478096565,116.51323396702,124.354495503906,12.3560174073414
"43",2015,171,114.461057599019,117.335679251262,121.527030060287,7.06597246126772
"44",2015,172,114.202442883434,118.774304802359,129.921436298693,15.7189934152592
"45",2015,173,115.682646553648,124.931854206995,131.963099250522,16.2804526968745
"46",2015,174,118.244614420658,124.745458129617,133.371186254273,15.1265718336156
"47",2015,175,121.399592824753,131.766207676013,134.985129646535,13.5855368217823
"48",2015,176,123.42706550423,132.112512445165,135.254374825731,11.8273093215007
"49",2015,177,126.387398337791,133.2744710305,136.26536920797,9.87797087017829
"50",2015,178,125.918053444537,133.499426579104,135.683050521203,9.76499707666579
"51",2015,179,124.220353199795,132.558553701359,134.757142146869,10.5367889470748
"52",2015,180,123.138525355034,127.158248540429,132.621706497461,9.48318114242781
"53",2015,181,117.37152736522,122.655307995844,126.148171936037,8.7766445708169
"54",2015,182,113.140535597263,120.36647572564,128.038105420758,14.8975698234947
"55",2015,183,117.297485722669,123.897116868057,128.785422096325,11.4879363736554
"56",2015,184,117.570449759049,122.009341228995,126.856103967473,9.28565420842365
"57",2015,185,116.877578445928,121.255039264849,128.200294262149,11.3227158162208
"58",2015,186,114.796969625229,121.26722970258,125.204610087964,10.4076404627349
"59",2015,187,105.770655131047,108.472373504887,111.886511263321,6.1158561322742
"60",2015,188,101.747830907651,106.537171572045,112.810854473784,11.063023566133
"61",2015,189,104.770209612564,108.626978369432,113.888102329494,9.1178927169298
"62",2015,190,105.637691403596,110.375825745461,116.531727998155,10.8940365945595
"63",2015,191,106.874405517434,111.142716650076,115.533807675628,8.6594021581931
"64",2015,192,106.502747797794,111.11761054026,118.011612084341,11.5088642865477
"65",2015,193,103.219819143271,110.117845792764,115.5221808899,12.3023617466291
"66",2015,194,104.263710626073,107.398230839729,110.335431517412,6.07172089133944
"67",2015,195,104.327066208787,106.641551413952,110.002801399258,5.67573519047116
"68",2015,196,105.60203590346,108.912525109471,114.735871584908,9.13383568144791
"69",2015,197,106.715554681122,109.549145836343,113.266844375896,6.55128969477386
"70",2015,198,104.868095344858,107.688668412233,114.172337685558,9.3042423406994
"71",2015,199,105.588850565697,109.783120376732,115.798162979572,10.2093124138754
"72",2015,200,105.193721679069,107.584198201915,111.152039998558,5.95831831948861
"73",2015,201,103.898564667483,107.056150190466,109.956578734238,6.05801406675499
"74",2015,202,102.945978374656,106.062766101139,108.09950801639,5.15352964173435
"75",2015,203,102.595462719235,107.277880779496,113.962717947345,11.3672552281097
"76",2015,204,106.309943177398,109.990239693043,112.885188590314,6.57524541291511
"77",2015,205,105.173149398792,106.992031247784,109.455498492853,4.28234909406069
"78",2015,206,103.254837485868,106.138779550834,109.950231626808,6.69539414094035
"79",2015,207,103.279007674329,107.03023330222,111.073043812058,7.79403613772936
"80",2015,208,93.0921974644163,101.310966859257,105.714676517804,12.6224790533876
"81",2015,209,98.350574323864,100.021864399038,102.524433415012,4.17385909114759
"82",2015,210,94.1624352965899,96.4064671547261,97.6671662420779,3.50473094548802
"83",2015,211,90.365132595021,93.4460866757271,96.0815581988215,5.71642560380053
"84",2015,212,88.9566184772415,93.2986140664086,95.1729709707935,6.21635249355199
"85",2015,213,88.7901428118718,93.0836182772045,97.3129246328711,8.5227818209993
"86",2015,214,90.4709945416872,94.3914047424218,98.7617695625606,8.2907750208734
"87",2015,215,91.4235771972369,94.4726314618065,97.2114912685429,5.78791407130598
"88",2015,216,92.7766854604994,95.2921013326633,101.299905848729,8.52322038822979
"89",2015,217,93.0499509370622,98.9003807624876,105.360557808439,12.3106068713771
"90",2015,218,98.2413764984314,100.947869529583,105.635586716693,7.39421021826163
"91",2015,219,95.5289778388404,99.1130434930209,101.760986476075,6.23200863723446
"92",2015,220,95.6957682957484,97.6649479750555,101.390734910403,5.69496661465448
"93",2015,221,96.4702929183327,98.4431507709033,100.478951507072,4.00865858873951
"94",2015,222,96.6331267301599,98.8622450599714,103.099584307887,6.46645757772707
"95",2015,223,97.8359048922861,100.143406298138,101.921545046405,4.08564015411885
"96",2015,224,97.4741365355174,98.8319231978922,102.186966952495,4.71283041697809
"97",2015,225,97.6006192531053,99.8575631071943,101.746967599309,4.14634834620389
"98",2015,226,97.4086578038696,99.7120390045535,103.333844896172,5.92518709230237
"99",2015,227,98.3896629555572,100.163857147146,102.613255528617,4.22359257305996
"100",2015,228,96.7159518547148,99.6677603266235,102.173859626987,5.45790777227195
"101",2015,229,97.500474205575,98.2869941658582,99.7563118240667,2.25583761849168
"102",2015,230,95.0467381931155,96.2101818553018,97.2824707604718,2.23573256735634
"103",2015,231,92.1177946412284,93.440058091793,94.8759879115634,2.758193270335
"104",2015,232,90.3172468475975,91.8053376148734,93.1092202091214,2.7919733615239
"105",2015,233,88.5020898511283,90.9431744499088,94.7197158581554,6.21762600702712
"106",2015,234,89.580991581916,92.8753622779378,95.618261351863,6.037269769947
"107",2015,235,91.4504568036507,92.0644980313878,93.2146096780016,1.7641528743509
"108",2015,236,89.7518062334078,90.3750395249982,91.3922730735421,1.64046684013421
"109",2015,237,88.3525556483776,88.9449050822192,89.9797238140644,1.62716816568685
"110",2015,238,87.2434623129606,89.2213072831954,93.9052491385212,6.66178682556051
"111",2015,239,88.4762373969806,90.9049160255888,92.4122454484786,3.93600805149804
"112",2015,240,91.4043109961829,93.9208075812407,97.1045552314362,5.70024423525335
"113",2015,241,91.5747751938401,95.6138791797586,98.4319883813777,6.85721318753767
"114",2015,242,94.9210402585673,96.8482256885456,98.9370405631084,4.01600030454117
"115",2015,243,95.1604066646905,97.9149034337137,100.300531191009,5.14012452631847
"116",2015,244,95.9074507683654,98.1634795942882,101.171602544407,5.26415177604152
"117",2015,245,97.1489946900941,98.2252195249924,99.5954401879623,2.44644549786824
"118",2015,246,91.2137494099894,95.9750843987352,97.5968638293422,6.38311441935279
"119",2015,247,91.6422140068008,96.2616669714687,99.7743205022944,8.13210649549363
