"","year","doy","DO5","DOmed","DO95","DOrange","lBGA"
"1",2024,136,96.572,99.03,101.149,4.57700000000001,NA
"2",2024,137,93.4335,94.485,97.2265,3.79299999999999,NA
"3",2024,138,92.5635,95.275,100.42,7.8565,NA
"4",2024,139,96.147,98.325,100.2065,4.05950000000001,NA
"5",2024,140,94.4935,97.295,100.803,6.30950000000001,NA
"6",2024,141,94.82,95.76,97.3865,2.5665,NA
"7",2024,142,93.29,93.93,94.89,1.59999999999999,NA
"8",2024,143,91.864,92.68,93.4665,1.60249999999999,NA
"9",2024,144,90.8935,93.51,97.99,7.09649999999999,NA
"10",2024,145,93.0235,94.295,95.6165,2.593,NA
"11",2024,146,91.77,93.74,96.75,4.98,NA
"12",2024,147,92.9535,93.94,94.76,1.80650000000001,NA
"13",2024,148,91.27,93.415,97.6565,6.3865,NA
"14",2024,149,92.917,94.09,95.4165,2.4995,NA
"15",2024,150,91.6735,94.61,98.6755,7.002,NA
"16",2024,151,92.794,95.29,98.9425,6.1485,NA
"17",2024,152,93.5835,95.66,97.6965,4.113,NA
"18",2024,153,94.3035,95.11,96.563,2.25949999999999,NA
"19",2024,154,92.9305,94.8,99.58,6.6495,NA
"20",2024,155,93.7435,95.99,99.3565,5.61300000000001,NA
"21",2024,156,94.078,95.74,99.306,5.22799999999999,NA
"22",2024,157,93.8625,95.665,97.89,4.0275,NA
"23",2024,158,90.977,91.92,93.82,2.84299999999999,NA
"24",2024,159,87.9105,90.85,95.6695,7.75899999999999,NA
"25",2024,160,90.5535,93.41,96.2115,5.658,NA
"26",2024,161,90.267,91.985,93.533,3.26599999999999,NA
"27",2024,162,89.4135,94.11,100.53,11.1165,NA
"28",2024,163,93.56,94.835,96.3465,2.78649999999999,NA
"29",2024,164,92.5335,96.08,104.8,12.2665,NA
"30",2024,165,97.12,102.155,107.7225,10.6025,NA
"31",2024,166,98.604,103.615,111.773,13.169,NA
"32",2024,167,102.561,105.11,107.5195,4.95849999999999,NA
"33",2024,168,99.5805,101.885,105.083,5.5025,NA
"34",2024,169,99.957,102.675,105.3665,5.40950000000001,NA
"35",2024,170,101.1381109,103.0554639,110.016,8.87788909999999,NA
"36",2024,171,98.221,101.375,106.3275,8.1065,NA
"37",2024,172,99.2525,101.595,103.6475,4.39500000000001,NA
"38",2024,173,96.503,97.91,98.801,2.298,NA
"39",2024,174,93.01,95.91,98.296,5.28599999999999,NA
"40",2024,175,91.199,96.45,107.86,16.661,NA
"41",2024,176,91.85,102.935,110.379,18.529,NA
"42",2024,177,98.35,103.95,112.806,14.456,NA
"43",2024,178,99.8335,101.98,104.5165,4.68299999999999,NA
"44",2024,179,91.4115,98.555,104.0965,12.685,NA
"45",2024,180,90.477,94.159415505,98.5365,8.05949999999999,NA
"46",2024,181,87.8975,90.388148665,93.2775,5.38,NA
"47",2024,182,85.6275,89.035,95.9125,10.285,NA
"48",2024,183,88.670118511,91.76,98.131,9.46088148899999,NA
"49",2024,184,86.95,88.59,94.66,7.71000000000001,NA
"50",2024,185,85.74,86.48,91.937,6.197,NA
"51",2024,186,90.095,92.56,96.65,6.55500000000001,NA
"52",2024,187,90.17,92.84,97.736,7.566,NA
"53",2024,188,92.1825,94.69,98.705,6.52250000000001,NA
"54",2024,189,90.1905,97.03,100.7675,10.577,NA
"55",2024,190,93.4875,100.54,107.929,14.4415,NA
"56",2024,191,98.738,105.635,113.0465,14.3085,NA
"57",2024,192,105.6505,111.49,118.6565,13.006,NA
"58",2024,193,107.9445,111.805,116.411,8.4665,NA
"59",2024,194,106.787,112.09,122.819,16.032,NA
"60",2024,195,110.15341715,116.56,120.219,10.06558285,NA
"61",2024,196,109.67,116.49,127.103,17.433,NA
"62",2024,197,115.0205,119.67,127.7825,12.762,NA
"63",2024,198,110.54,117.75,124.354,13.814,NA
"64",2024,199,106.547,111.92,116.1895,9.64250000000001,NA
"65",2024,200,102.777,112.88,123.2065,20.4295,NA
"66",2024,201,112.105,120.2,125.483,13.378,NA
"67",2024,202,112.571,121.255,125.063,12.492,NA
"68",2024,203,113.52,120.385,125.2,11.68,NA
"69",2024,204,113.9035,119.56,122.403,8.4995,NA
"70",2024,205,111.4,114.31,117.4725,6.07249999999999,NA
"71",2024,206,103.941,110.635,120.24,16.299,NA
"72",2024,207,104.0735,111.905,120.8965,16.823,NA
"73",2024,208,109.03,114.1,122.4365,13.4065,NA
"74",2024,209,105.58,112.195,118.743,13.163,NA
"75",2024,210,103.7605,108.855,114.6095,10.849,NA
"76",2024,211,103.3335,108.72,117.795,14.4615,NA
"77",2024,212,106.675,112.775,119.76,13.085,NA
"78",2024,213,109.0635,115.78,124.473,15.4095,NA
"79",2024,214,112.357,120.45,123.786,11.429,NA
"80",2024,215,113.101,119.575,127.3295,14.2285,NA
"81",2024,216,113.4635,117.755,126.1465,12.683,NA
"82",2024,217,111.7835,116.24,123.034,11.2505,NA
"83",2024,218,111.79,115.38,119.3,7.50999999999999,NA
"84",2024,219,104.43,110.165,119.695,15.265,NA
"85",2024,220,100.768,104.795,108.2965,7.52850000000001,NA
"86",2024,221,88.2165,91.8,98.2545,10.038,NA
"87",2024,222,76.3375,79.11,85.6765,9.339,NA
"88",2024,223,68.929,71.07,75.324,6.395,NA
"89",2024,224,67.161,67.85,69.8455,2.6845,NA
"90",2024,225,73.123,73.51,73.897,0.773999999999987,NA
"91",2024,226,73.512,76.12,77.93,4.41800000000001,NA
"92",2024,227,73.9875,81.385,84.6675,10.68,NA
"93",2024,228,82.376,83.985,85.547,3.17099999999999,NA
"94",2024,229,79.7405,85.7,97.2225,17.482,NA
"95",2024,230,87.9735,91.545,95.0995,7.126,NA
"96",2024,231,81.3935,88.175,97.28,15.8865,NA
"97",2024,232,90.727,93.785,98.67,7.943,NA
"98",2024,233,86.54,92.86,97.917,11.377,NA
"99",2024,234,90.906,94.67,101.19,10.284,NA
"100",2024,235,94.25,98.96,105.18,10.93,NA
"101",2024,236,96.854,100.87,103.859,7.00499999999998,NA
"102",2024,237,99.864,103.48,110.903,11.039,NA
"103",2024,238,104.6435,106.85,113.5425,8.899,NA
"104",2024,239,106.57,107.979143,111.73,5.16000000000001,NA
